scraped_at,timestamp,gauge_height_ft,culvert_full_percent
2026-09-17T00:42:10.614444Z,"Sep 16, 2026 4:38 PM CDT",0.00,0
2026-09-17T15:17:21.369822Z,"Sep 17, 2026 9:38 AM CDT",0.00,0
2026-09-17T19:06:38.266129Z,"Sep 17, 2026 2:01 PM CDT",0.00,0
2026-09-18T17:51:04.165286Z,"Sep 18, 2026 11:24 AM CDT",0.00,0
2026-09-20T12:15:07.677794Z,"Sep 20, 2026 2:01 AM CDT",0.98,10
2026-09-21T19:22:00.603135Z,"Sep 21, 2026 9:11 AM CDT",0.00,0
2026-09-21T22:41:10.829452Z,"Sep 21, 2026 5:35 PM CDT",0.00,0
2026-09-22T01:15:48.151345Z,"Sep 21, 2026 8:06 PM CDT",0.00,0
2026-09-22T06:21:41.926052Z,"Sep 22, 2026 1:15 AM CDT",0.00,0
2026-09-22T11:54:46.757207Z,"Sep 22, 2026 6:51 AM CDT",0.00,0
2026-09-22T16:51:00.561538Z,"Sep 22, 2026 11:42 AM CDT",0.00,0
2026-09-22T19:57:34.158398Z,"Sep 22, 2026 2:52 PM CDT",0.00,0
2026-09-22T22:54:24.784463Z,"Sep 22, 2026 5:46 PM CDT",0.00,0
2026-09-23T01:26:38.883233Z,"Sep 22, 2026 8:17 PM CDT",0.00,0
2026-09-23T06:36:55.173281Z,"Sep 23, 2026 1:31 AM CDT",0.00,0
2026-09-23T12:08:22.159052Z,"Sep 23, 2026 7:02 AM CDT",0.00,0
2026-09-23T17:14:41.216071Z,"Sep 23, 2026 12:04 PM CDT",0.00,0
2026-09-23T20:30:22.055432Z,"Sep 23, 2026 3:20 PM CDT",0.00,0
2026-09-23T23:06:45.599653Z,"Sep 23, 2026 5:57 PM CDT",0.00,0
2026-09-24T01:21:37.181532Z,"Sep 23, 2026 8:11 PM CDT",0.00,0
2026-09-24T06:21:13.178941Z,"Sep 24, 2026 1:14 AM CDT",0.00,0
2026-09-24T12:01:01.267540Z,"Sep 24, 2026 6:56 AM CDT",0.00,0
2026-09-24T17:04:04.441932Z,"Sep 24, 2026 11:58 AM CDT",0.00,0
2026-09-24T20:26:20.607884Z,"Sep 24, 2026 3:20 PM CDT",0.00,0
2026-09-24T23:24:26.163872Z,"Sep 24, 2026 6:19 PM CDT",0.00,0
2026-09-25T01:51:54.271664Z,"Sep 24, 2026 8:45 PM CDT",0.00,0
2026-09-25T06:53:18.582322Z,"Sep 25, 2026 1:47 AM CDT",0.00,0
2026-09-25T12:43:35.579265Z,"Sep 25, 2026 7:36 AM CDT",0.00,0
2026-09-25T17:35:31.052030Z,"Sep 25, 2026 12:28 PM CDT",0.00,0
2026-09-25T20:44:28.869225Z,"Sep 25, 2026 3:38 PM CDT",0.00,0
2026-09-25T23:38:41.588655Z,"Sep 25, 2026 6:32 PM CDT",0.00,0
2026-09-26T02:04:04.761304Z,"Sep 25, 2026 8:57 PM CDT",0.00,0
2026-09-26T07:35:38.872990Z,"Sep 26, 2026 2:28 AM CDT",0.00,0
2026-09-26T12:26:12.141541Z,"Sep 26, 2026 7:19 AM CDT",0.00,0
2026-09-26T16:43:51.239787Z,"Sep 26, 2026 11:36 AM CDT",0.00,0
2026-09-26T19:28:10.166998Z,"Sep 26, 2026 2:24 PM CDT",0.00,0
2026-09-26T22:10:45.512842Z,"Sep 26, 2026 5:06 PM CDT",0.00,0
2026-09-27T00:42:35.714923Z,"Sep 26, 2026 7:32 PM CDT",0.00,0
2026-09-27T05:52:43.624087Z,"Sep 27, 2026 12:46 AM CDT",0.00,0
2026-09-27T11:55:57.636794Z,"Sep 27, 2026 6:50 AM CDT",0.00,0
2026-09-27T16:54:12.786826Z,"Sep 27, 2026 11:45 AM CDT",0.00,0
2026-09-27T20:04:49.854528Z,"Sep 27, 2026 3:01 PM CDT",0.00,0
2026-09-27T22:59:13.291646Z,"Sep 27, 2026 5:55 PM CDT",0.00,0
2026-09-28T01:34:46.427433Z,"Sep 27, 2026 8:26 PM CDT",0.00,0
2026-09-28T07:36:11.573697Z,"Sep 28, 2026 2:30 AM CDT",0.00,0
2026-09-28T15:56:36.100453Z,"Sep 28, 2026 10:49 AM CDT",0.00,0
2026-09-28T21:52:30.787130Z,"Sep 28, 2026 4:47 PM CDT",0.00,0
2026-09-29T01:50:27.339944Z,"Sep 28, 2026 8:43 PM CDT",0.00,0
2026-09-29T07:35:33.136615Z,"Sep 29, 2026 2:30 AM CDT",0.00,0
2026-09-29T14:20:28.300162Z,"Sep 29, 2026 9:13 AM CDT",0.00,0
2026-09-29T19:30:39.104397Z,"Sep 29, 2026 2:27 PM CDT",0.00,0
2026-09-29T23:10:11.796965Z,"Sep 29, 2026 6:05 PM CDT",0.00,0
2026-09-30T02:11:33.560465Z,"Sep 29, 2026 9:05 PM CDT",0.00,0
2026-09-30T08:43:02.510021Z,"Sep 30, 2026 3:37 AM CDT",0.00,0
2026-09-30T15:23:53.569499Z,"Sep 30, 2026 10:15 AM CDT",0.96,10
2026-09-30T20:16:39.697101Z,"Sep 30, 2026 3:06 PM CDT",0.44,4
2026-09-30T23:58:10.121667Z,"Sep 30, 2026 6:50 PM CDT",0.00,0
2026-10-01T05:42:13.884853Z,"Oct 1, 2026 12:37 AM CDT",0.00,0
2026-10-01T11:51:32.311910Z,"Oct 1, 2026 6:47 AM CDT",0.90,9
2026-10-01T17:43:37.964605Z,"Oct 1, 2026 12:34 PM CDT",0.75,8
2026-10-01T22:01:07.618218Z,"Oct 1, 2026 4:52 PM CDT",1.16,12
2026-10-02T01:37:24.689329Z,"Oct 1, 2026 8:30 PM CDT",0.92,9
2026-10-02T07:30:54.620020Z,"Oct 2, 2026 2:23 AM CDT",0.62,6
2026-10-02T14:06:22.382244Z,"Oct 2, 2026 9:01 AM CDT",0.44,4
2026-10-02T19:15:33.849857Z,"Oct 2, 2026 2:04 PM CDT",0.36,4
2026-10-02T23:04:28.432241Z,"Oct 2, 2026 5:59 PM CDT",0.00,0
2026-10-03T01:53:36.063701Z,"Oct 2, 2026 8:47 PM CDT",0.00,0
2026-10-03T08:00:08.447094Z,"Oct 3, 2026 2:51 AM CDT",0.00,0
2026-10-03T13:19:41.584493Z,"Oct 3, 2026 8:11 AM CDT",0.00,0
2026-10-03T17:26:35.167177Z,"Oct 3, 2026 12:17 PM CDT",0.00,0
2026-10-03T20:09:55.172497Z,"Oct 3, 2026 2:48 PM CDT",0.00,0
2026-10-03T23:09:50.241981Z,"Oct 3, 2026 4:40 PM CDT",0.00,0
2026-10-04T02:44:53.710849Z,"Oct 3, 2026 6:55 PM CDT",0.00,0
2026-10-04T08:51:43.929975Z,"Oct 4, 2026 3:47 AM CDT",0.00,0
2026-10-04T14:30:54.192194Z,"Oct 4, 2026 9:23 AM CDT",0.00,0
2026-10-04T18:20:31.758409Z,"Oct 4, 2026 1:13 PM CDT",0.00,0
2026-10-04T21:41:28.475985Z,"Oct 4, 2026 4:34 PM CDT",0.00,0
2026-10-05T00:13:57.454551Z,"Oct 4, 2026 7:06 PM CDT",0.00,0
2026-10-05T05:54:01.185895Z,"Oct 5, 2026 12:47 AM CDT",0.00,0
2026-10-05T14:26:36.825755Z,"Oct 5, 2026 9:17 AM CDT",0.00,0
